지점,지점명,일시,최저기온(°C),최고기온(°C),일강수량(mm),평균 상대습도(%)
184,제주,2019-01-01,4.8,7,0,61.1
184,제주,2019-01-02,4.5,6.1,,60.9
184,제주,2019-01-03,3.5,8,,60.1
184,제주,2019-01-04,2.6,10,1.6,77.5
184,제주,2019-01-05,5.2,9,0,66.8
184,제주,2019-01-06,4.5,7.7,,64.4
184,제주,2019-01-07,3.1,8.8,,65.5
184,제주,2019-01-08,4.5,8.8,0,62.5
184,제주,2019-01-09,2.2,5.8,0,55.5
184,제주,2019-01-10,5.6,7.8,0,65.1
184,제주,2019-01-11,5.9,9.4,1.7,70.9
184,제주,2019-01-12,8.1,10.9,2,72.8
184,제주,2019-01-13,6.6,10,,65.6
184,제주,2019-01-14,5.5,9.7,,66.1
184,제주,2019-01-15,3.6,9.9,,61
184,제주,2019-01-16,2,4,,63.5
184,제주,2019-01-17,3.9,6.5,0,56.4
184,제주,2019-01-18,3.9,9.8,,63.4
184,제주,2019-01-19,3.6,12.6,1,73.8
184,제주,2019-01-20,3.9,11.6,0,66.4
184,제주,2019-01-21,3.9,8.1,,59
184,제주,2019-01-22,5.8,10.9,,57.4
184,제주,2019-01-23,6.7,11.9,,56.4
184,제주,2019-01-24,3.4,9.6,,56.1
184,제주,2019-01-25,3.6,10.1,,60.4
184,제주,2019-01-26,2.9,5.8,,56.1
184,제주,2019-01-27,2.4,8.5,,62
184,제주,2019-01-28,4.8,10.8,,57.1
184,제주,2019-01-29,2.8,9.2,,63.6
184,제주,2019-01-30,6.8,10.1,0,68.9
184,제주,2019-01-31,3.3,8.2,17.9,76.3
184,제주,2019-02-01,3.4,6.8,0,57.5
184,제주,2019-02-02,5,12,,58.3
184,제주,2019-02-03,8.6,18.4,9.8,83.5
184,제주,2019-02-04,4.9,9.5,,49.9
184,제주,2019-02-05,4,13.6,,57
184,제주,2019-02-06,9.1,15.5,,63.5
184,제주,2019-02-07,1.9,12.1,3.8,70.5
184,제주,2019-02-08,1.5,5.6,,55.3
184,제주,2019-02-09,1.5,4.7,0,60.4
184,제주,2019-02-10,2,4.9,,56.1
184,제주,2019-02-11,2.9,4.7,0,61.5
184,제주,2019-02-12,1,8.7,,55.3
184,제주,2019-02-13,5.2,8.7,,51.3
184,제주,2019-02-14,4.2,8,,58.3
184,제주,2019-02-15,4.3,7.7,0,71.4
184,제주,2019-02-16,3.1,7,,63.1
184,제주,2019-02-17,3.1,6.9,,58.5
184,제주,2019-02-18,2.9,9.8,2.1,68.3
184,제주,2019-02-19,6.4,13,15.9,87
184,제주,2019-02-20,4.8,9.4,,68.3
184,제주,2019-02-21,5.6,8.7,,62
184,제주,2019-02-22,6.5,10.9,1.6,71
184,제주,2019-02-23,4.2,13.7,,62.3
184,제주,2019-02-24,8.6,14.1,,54.8
184,제주,2019-02-25,7.3,13.1,,56.4
184,제주,2019-02-26,5.3,12.2,,52.8
184,제주,2019-02-27,9.4,11.9,4.6,74.9
184,제주,2019-02-28,8,13.2,.1,66.5
184,제주,2019-03-01,6.4,12.3,,59.3
184,제주,2019-03-02,7.3,14.3,.4,66.9
184,제주,2019-03-03,10.5,13.3,5.9,73.4
184,제주,2019-03-04,8.4,12.2,2,72.5
184,제주,2019-03-05,6.2,13.4,0,59.9
184,제주,2019-03-06,8.4,13.8,11.3,78.5
184,제주,2019-03-07,7.3,10.4,,71.8
184,제주,2019-03-08,3.7,12.3,,61
184,제주,2019-03-09,6.5,16.6,9,63.1
184,제주,2019-03-10,8.9,13.1,22.1,91.4
184,제주,2019-03-11,6.9,13.6,1.2,72.5
184,제주,2019-03-12,6.1,16,,58.3
184,제주,2019-03-13,5.1,11.7,,47.1
184,제주,2019-03-14,7,14,,45.5
184,제주,2019-03-15,6.2,15.8,0,59.1
184,제주,2019-03-16,6,14.1,,52.3
184,제주,2019-03-17,8,14.1,,57.1
184,제주,2019-03-18,6.9,14.2,1.9,60.5
184,제주,2019-03-19,9.2,16.1,,67.3
184,제주,2019-03-20,9.9,21.2,1.7,62.6
184,제주,2019-03-21,7.3,20,,81.1
184,제주,2019-03-22,6.4,10.6,,59.3
184,제주,2019-03-23,6.2,11.8,,50.5
184,제주,2019-03-24,3.6,11,,52.3
184,제주,2019-03-25,6.4,13.2,,52.9
184,제주,2019-03-26,10.1,16.7,,65.6
184,제주,2019-03-27,10.3,22,,46.8
184,제주,2019-03-28,12.8,16.9,,79.6
184,제주,2019-03-29,12.2,17,,65.6
184,제주,2019-03-30,7.9,14.6,0,60.1
184,제주,2019-03-31,7.1,11.4,,42.8
184,제주,2019-04-01,7.1,13.2,,47.9
184,제주,2019-04-02,8.6,14,,55.5
184,제주,2019-04-03,6.6,14.4,,39.3
184,제주,2019-04-04,6.2,14.6,,45.9
184,제주,2019-04-05,11.9,18.2,,67
184,제주,2019-04-06,11,20.8,,71.9
184,제주,2019-04-07,13,21.4,2.7,71.3
184,제주,2019-04-08,11.7,18.1,,66.4
184,제주,2019-04-09,14.1,17.4,6,73.5
184,제주,2019-04-10,9.6,14.2,6.7,87.3
184,제주,2019-04-11,9.7,13.8,0,76
184,제주,2019-04-12,9.2,16.6,0,57.8
184,제주,2019-04-13,9.4,17.7,,50.5
184,제주,2019-04-14,10.6,17.1,,67
184,제주,2019-04-15,8.7,17.1,,42.8
184,제주,2019-04-16,10.7,25,,47.9
184,제주,2019-04-17,13.6,18.6,,71.9
184,제주,2019-04-18,12.3,22.1,,69
184,제주,2019-04-19,14.3,21.6,,78.3
184,제주,2019-04-20,14.5,20,,76.8
184,제주,2019-04-21,15,23.1,,68.1
184,제주,2019-04-22,16.6,24,,70.4
184,제주,2019-04-23,17.3,22.5,18.7,80.9
184,제주,2019-04-24,15.7,21.2,,87.6
184,제주,2019-04-25,14.1,17.9,,91.3
184,제주,2019-04-26,11.3,15.9,.3,73.6
184,제주,2019-04-27,11.7,17,,64.1
184,제주,2019-04-28,12.1,17.5,.1,64.4
184,제주,2019-04-29,14.5,20.3,10.5,94.6
184,제주,2019-04-30,14.5,17.6,1.4,91.6
184,제주,2019-05-01,12.4,18.6,,74.6
184,제주,2019-05-02,12.8,21.5,,40.9
184,제주,2019-05-03,16,21.9,,49
184,제주,2019-05-04,14.7,23.3,,48
184,제주,2019-05-05,16.4,22.2,,51.9
184,제주,2019-05-06,13.4,19.2,,53.5
184,제주,2019-05-07,12.3,19.5,,48.4
184,제주,2019-05-08,11.9,19.6,,42.5
184,제주,2019-05-09,14.7,20.3,,43.3
184,제주,2019-05-10,14.3,21.4,,49.6
184,제주,2019-05-11,15,23.4,,42.8
184,제주,2019-05-12,15.7,21.5,,60.9
184,제주,2019-05-13,17.4,23.7,0,73.6
184,제주,2019-05-14,18.6,23.2,0,80
184,제주,2019-05-15,16.9,26.6,,67.5
184,제주,2019-05-16,18,28.3,,58.4
184,제주,2019-05-17,18.4,26.3,12,73.1
184,제주,2019-05-18,17.4,23.3,19.6,91.6
184,제주,2019-05-19,18.8,26.3,0,84.1
184,제주,2019-05-20,14.9,19.8,.8,66.6
184,제주,2019-05-21,14.5,23,,41.1
184,제주,2019-05-22,19.5,27.6,,30.5
184,제주,2019-05-23,22,31.3,,28.3
184,제주,2019-05-24,23.8,33.1,,17.9
184,제주,2019-05-25,20.4,27.2,,51.6
184,제주,2019-05-26,20.3,25.4,0,61.5
184,제주,2019-05-27,15.8,25.5,9.8,84.1
184,제주,2019-05-28,15.5,21.7,,55.9
184,제주,2019-05-29,18.7,27,,46.3
184,제주,2019-05-30,18,25.9,0,51.3
184,제주,2019-05-31,15.6,21.4,.6,73.9
184,제주,2019-06-01,15.9,22.4,,77.1
184,제주,2019-06-02,17.9,24.6,,70.1
184,제주,2019-06-03,17.9,24.5,,62.3
184,제주,2019-06-04,19.4,29,,73.4
184,제주,2019-06-05,19.2,26.1,,74.9
184,제주,2019-06-06,19.1,28.1,13.3,82.6
184,제주,2019-06-07,18.2,25.3,,88.8
184,제주,2019-06-08,17.5,23.2,.2,86.6
184,제주,2019-06-09,17,23.2,,74.8
184,제주,2019-06-10,17.5,24.8,,71.3
184,제주,2019-06-11,18.4,22.9,0,71.5
184,제주,2019-06-12,17.6,22.9,,78.5
184,제주,2019-06-13,17.6,28,,70.3
184,제주,2019-06-14,17.4,21.4,43.5,95.3
184,제주,2019-06-15,18.2,22.5,.3,86.8
184,제주,2019-06-16,18.6,23.3,,78.1
184,제주,2019-06-17,17.8,23.3,,76.4
184,제주,2019-06-18,20.5,23.3,1,82
184,제주,2019-06-19,19.4,24.4,,82.9
184,제주,2019-06-20,19.8,24.4,,83.4
184,제주,2019-06-21,20.3,26.4,,79.1
184,제주,2019-06-22,19.7,25.5,,83.5
184,제주,2019-06-23,19.3,25.6,,79.1
184,제주,2019-06-24,18.8,24.4,,74.9
184,제주,2019-06-25,19.1,28.9,,60.9
184,제주,2019-06-26,19.8,25.9,85.1,97.6
184,제주,2019-06-27,21.9,25.9,0,92.5
184,제주,2019-06-28,21,25.8,,80.4
184,제주,2019-06-29,22.6,29.8,2,84
184,제주,2019-06-30,21.4,26.9,.4,88
184,제주,2019-07-01,22.3,25.6,1.9,90.3
184,제주,2019-07-02,21.8,25.7,,84.9
184,제주,2019-07-03,21.6,24.9,,86.1
184,제주,2019-07-04,20.4,25.9,,82.3
184,제주,2019-07-05,21.6,28.7,,68.1
184,제주,2019-07-06,20.8,27.2,,78.6
184,제주,2019-07-07,22.2,26.4,0,78.9
184,제주,2019-07-08,20.6,22.7,3.7,88.5
184,제주,2019-07-09,20.9,23.6,2.2,87.4
184,제주,2019-07-10,20.5,22,104.7,97.3
184,제주,2019-07-11,20.6,26.7,1.2,88.4
184,제주,2019-07-12,21.7,25.8,.4,86.8
184,제주,2019-07-13,20.4,22.9,13.4,91.8
184,제주,2019-07-14,21.5,27.1,,85.3
184,제주,2019-07-15,22.2,26.5,,87.3
184,제주,2019-07-16,22.2,27.2,,79.1
184,제주,2019-07-17,22.9,28,6.8,84.4
184,제주,2019-07-18,22.9,25.9,21.3,97
184,제주,2019-07-19,22.3,26.2,187.7,99.4
184,제주,2019-07-20,24.6,28.2,43.8,88.4
184,제주,2019-07-21,24.8,30.7,,80.6
184,제주,2019-07-22,23.8,32.7,108.3,89.6
184,제주,2019-07-23,24.3,30.3,,82.5
184,제주,2019-07-24,25.7,30.9,,80.4
184,제주,2019-07-25,25.9,31.1,,85.8
184,제주,2019-07-26,25.3,31.2,,86.8
184,제주,2019-07-27,26.5,31,14.7,87.6
184,제주,2019-07-28,27,31.8,,75.8
184,제주,2019-07-29,26.1,31.3,,73.5
184,제주,2019-07-30,27.3,35.4,,70
184,제주,2019-07-31,27.9,32.3,,76.9
184,제주,2019-08-01,26.9,32.1,,81.1
184,제주,2019-08-02,26.7,31.2,,81.5
184,제주,2019-08-03,25.4,31.7,,74
184,제주,2019-08-04,25.9,30.2,,84.5
184,제주,2019-08-05,24.9,30.9,,78.1
184,제주,2019-08-06,26.2,32.2,,71.1
184,제주,2019-08-07,26.6,34.2,,70.4
184,제주,2019-08-08,27.7,34.7,,65
184,제주,2019-08-09,27.7,33.3,,72.6
184,제주,2019-08-10,28.8,30.9,0,71.9
184,제주,2019-08-11,27.7,30.5,25,84.6
184,제주,2019-08-12,27.2,33.9,12,81.9
184,제주,2019-08-13,26.8,31.2,,81.1
184,제주,2019-08-14,26.8,31.6,1.2,83.3
184,제주,2019-08-15,26.4,27.9,0,88.5
184,제주,2019-08-16,25.7,30.9,4.5,77.4
184,제주,2019-08-17,25.7,32.6,,65.4
184,제주,2019-08-18,25.9,29.7,,70.9
184,제주,2019-08-19,24.6,29.1,,80.1
184,제주,2019-08-20,25.7,30.1,.1,88.1
184,제주,2019-08-21,25.3,31.6,3.4,83.1
184,제주,2019-08-22,25.8,31.8,6.3,81.8
184,제주,2019-08-23,26.2,30.7,0,70.1
184,제주,2019-08-24,25.2,28.8,,55.3
184,제주,2019-08-25,23.3,27.7,.1,66.6
184,제주,2019-08-26,23.5,28.3,.3,83.5
184,제주,2019-08-27,24.5,31,87.2,89.1
184,제주,2019-08-28,23,27,33.3,91.8
184,제주,2019-08-29,21.3,25.4,68.9,87.1
184,제주,2019-08-30,22.2,28.8,,69
184,제주,2019-08-31,20.8,28.2,,64.4
184,제주,2019-09-01,20.6,26.3,26.1,80.6
184,제주,2019-09-02,21.9,26.6,25.7,93.8
184,제주,2019-09-03,22.4,26.7,13.9,93.3
184,제주,2019-09-04,23.7,27.9,43,91.6
184,제주,2019-09-05,23.4,30.4,7,89.3
184,제주,2019-09-06,25.1,28.6,68.8,89.9
184,제주,2019-09-07,24.9,30.3,34.3,80
184,제주,2019-09-08,23.4,26.3,19,94.5
184,제주,2019-09-09,23.7,29,24.7,92.9
184,제주,2019-09-10,24,29.4,0,79.5
184,제주,2019-09-11,24.1,29.3,5,88.5
184,제주,2019-09-12,23,25.1,.6,86.3
184,제주,2019-09-13,22.1,26.7,,73.4
184,제주,2019-09-14,21.7,26.9,,76.5
184,제주,2019-09-15,22.9,26.9,,84.3
184,제주,2019-09-16,23.6,27,0,82.8
184,제주,2019-09-17,22,25.8,,67.3
184,제주,2019-09-18,20.6,27.6,,69.9
184,제주,2019-09-19,19.3,25.9,,65.9
184,제주,2019-09-20,19.9,25,0,72.9
184,제주,2019-09-21,19.1,21.7,156,91.4
184,제주,2019-09-22,19.1,21.7,126.2,90.6
184,제주,2019-09-23,18.4,24.5,0,73.9
184,제주,2019-09-24,16.7,25.2,,62.3
184,제주,2019-09-25,18.3,25.2,,67.5
184,제주,2019-09-26,21.3,27.7,1,85
184,제주,2019-09-27,22.7,25.7,36,94.4
184,제주,2019-09-28,23.1,25.6,.7,97.9
184,제주,2019-09-29,22.9,26.3,0,93.8
184,제주,2019-09-30,22,26.8,22.6,92
184,제주,2019-10-01,20.5,26.4,36.3,89.4
184,제주,2019-10-02,20.6,27.3,136.2,88.3
184,제주,2019-10-03,21.9,26.2,.2,86.5
184,제주,2019-10-04,21.2,26.1,,81.3
184,제주,2019-10-05,18.4,23.2,,76.1
184,제주,2019-10-06,17,24.6,1,77.8
184,제주,2019-10-07,20.2,23.6,0,74.4
184,제주,2019-10-08,17.4,24,,61.5
184,제주,2019-10-09,14.2,21.5,,50.4
184,제주,2019-10-10,14,23.1,,51
184,제주,2019-10-11,17.1,23.9,,57.8
184,제주,2019-10-12,18.7,24.8,,62.3
184,제주,2019-10-13,17.1,22.8,,63
184,제주,2019-10-14,16.7,23.2,,67.4
184,제주,2019-10-15,15.2,19.1,3.2,71.4
184,제주,2019-10-16,15.8,21.3,,61.1
184,제주,2019-10-17,16.2,21.8,,68.6
184,제주,2019-10-18,18.1,20.5,8.3,89.3
184,제주,2019-10-19,17.7,22.7,0,75.6
184,제주,2019-10-20,15.4,21.8,,73
184,제주,2019-10-21,17.4,22.9,,65.5
184,제주,2019-10-22,18.6,22.5,.5,69
184,제주,2019-10-23,19.2,21.8,.6,78.9
184,제주,2019-10-24,18.4,22.3,2.3,71.1
184,제주,2019-10-25,16.8,23.5,,70
184,제주,2019-10-26,15.5,19.4,,62.9
184,제주,2019-10-27,13.7,18.7,,57.6
184,제주,2019-10-28,11.9,19.2,,65
184,제주,2019-10-29,15.2,20.8,,57.5
184,제주,2019-10-30,13.7,19.5,,59.3
184,제주,2019-10-31,12.1,20.7,,61.5
184,제주,2019-11-01,15.6,22,,67.5
184,제주,2019-11-02,15.6,22.7,,74.6
184,제주,2019-11-03,15.2,20.4,0,75.1
184,제주,2019-11-04,13.5,20.6,0,73.4
184,제주,2019-11-05,14.6,20.3,0,66.8
184,제주,2019-11-06,12.3,19.4,,61.3
184,제주,2019-11-07,13.4,19.3,,62
184,제주,2019-11-08,12.4,17.3,,58.3
184,제주,2019-11-09,11.9,18.1,,55.5
184,제주,2019-11-10,10.3,19.7,2.9,64
184,제주,2019-11-11,15.3,19.5,0,60.3
184,제주,2019-11-12,12.1,17.9,,60.9
184,제주,2019-11-13,11.8,18.3,1.7,67.8
184,제주,2019-11-14,7.9,14.5,,50.8
184,제주,2019-11-15,7,17.2,,50.8
184,제주,2019-11-16,10.6,21.3,,61.1
184,제주,2019-11-17,14.9,24.3,0,63.8
184,제주,2019-11-18,11.2,22.7,6.1,72.4
184,제주,2019-11-19,9.9,12.3,0,52.4
184,제주,2019-11-20,7.8,12.5,,57
184,제주,2019-11-21,7.8,17.1,,65.9
184,제주,2019-11-22,13.5,21.8,,76.4
184,제주,2019-11-23,14.5,21.7,,74.4
184,제주,2019-11-24,13.7,19.5,4.7,91.4
184,제주,2019-11-25,9.2,13.9,0,64.6
184,제주,2019-11-26,9.7,15.3,8.2,77.8
184,제주,2019-11-27,9.3,14.8,3.8,74.6
184,제주,2019-11-28,8.8,14,,64.9
184,제주,2019-11-29,6.9,12.6,,54.5
184,제주,2019-11-30,6.9,18,.1,59.3
184,제주,2019-12-01,11.1,15.1,18.9,87
184,제주,2019-12-02,7.4,11.8,0,62.1
184,제주,2019-12-03,7.5,10.8,0,52.8
184,제주,2019-12-04,10,14.1,,51.9
184,제주,2019-12-05,5.7,11.5,,54.3
184,제주,2019-12-06,3.2,5.8,,56.4
184,제주,2019-12-07,4.3,9.5,,55.1
184,제주,2019-12-08,6,10.2,,60
184,제주,2019-12-09,5.9,15.2,,58.9
184,제주,2019-12-10,8.5,18.7,,55.4
184,제주,2019-12-11,9.6,18,,62.4
184,제주,2019-12-12,5.4,10.3,,53.8
184,제주,2019-12-13,4.6,12.9,,66.9
184,제주,2019-12-14,6.9,12.7,,64.8
184,제주,2019-12-15,6.9,17.4,,67
184,제주,2019-12-16,12.2,18.2,.1,64.4
184,제주,2019-12-17,10.9,17.6,7.3,89.3
184,제주,2019-12-18,7.4,10.9,0,66.9
184,제주,2019-12-19,7,9.4,,60.5
184,제주,2019-12-20,6.9,11.1,,56.4
184,제주,2019-12-21,5.6,10.1,,61.6
184,제주,2019-12-22,6.8,11.6,1,70
184,제주,2019-12-23,6.7,12.4,,65.4
184,제주,2019-12-24,7.3,11.9,,64.1
184,제주,2019-12-25,7,15.1,.1,78.1
184,제주,2019-12-26,6.7,13.1,9.4,77.6
184,제주,2019-12-27,5.7,7.3,0,55.1
184,제주,2019-12-28,6.1,9.7,,57.8
184,제주,2019-12-29,7.1,16.4,11.4,82.4
184,제주,2019-12-30,6.3,13.6,0,76
184,제주,2019-12-31,1.8,6.4,0,61.6
185,고산,2019-01-01,4.4,6.2,0,64.8
185,고산,2019-01-02,4.3,6.4,0,64.8
185,고산,2019-01-03,4.4,6.6,,65.4
185,고산,2019-01-04,4.2,9.8,.2,80.8
185,고산,2019-01-05,5.5,8.3,.2,70.5
185,고산,2019-01-06,4.8,6.4,,71
185,고산,2019-01-07,4.6,7.3,,69.8
185,고산,2019-01-08,4.4,8.4,,66.9
185,고산,2019-01-09,1.7,6.5,0,62.3
185,고산,2019-01-10,5.2,7.6,0,70.8
185,고산,2019-01-11,5.8,8.9,2.2,76.4
185,고산,2019-01-12,7.7,9.1,1.7,78.4
185,고산,2019-01-13,6.5,8.8,,71.3
185,고산,2019-01-14,4.9,8,,71.4
185,고산,2019-01-15,2.5,8.9,,65.8
185,고산,2019-01-16,1.7,3.9,,68.5
185,고산,2019-01-17,3.5,6.8,0,62.5
185,고산,2019-01-18,4.3,9.7,,68.3
185,고산,2019-01-19,6,13.8,.1,74.5
185,고산,2019-01-20,3.7,11.4,.1,72.9
185,고산,2019-01-21,3.5,8.5,,65.4
185,고산,2019-01-22,6.9,11.7,,63.1
185,고산,2019-01-23,6.9,12.3,,61.8
185,고산,2019-01-24,5.3,7.8,,62.8
185,고산,2019-01-25,2.9,8.9,0,66.1
185,고산,2019-01-26,2.9,5.2,,65.9
185,고산,2019-01-27,4.4,8.3,,67.4
185,고산,2019-01-28,4.8,10.7,,64.8
185,고산,2019-01-29,3,9.2,,71.4
185,고산,2019-01-30,6.7,9.5,.1,72.6
185,고산,2019-01-31,2.6,7.3,12.8,83.3
185,고산,2019-02-01,2.8,6.7,,64.3
185,고산,2019-02-02,5.6,13.8,,68
185,고산,2019-02-03,8.2,16.3,10.1,93.1
185,고산,2019-02-04,4.9,9,0,57.3
185,고산,2019-02-05,4.9,14.3,,60.1
185,고산,2019-02-06,8.9,16.9,.2,74.3
185,고산,2019-02-07,1.8,13.2,2.3,76.5
185,고산,2019-02-08,1.4,4.1,,65.8
185,고산,2019-02-09,1.3,4.7,.3,71.5
185,고산,2019-02-10,1.5,3.8,,68.5
185,고산,2019-02-11,2.5,4.3,0,69.8
185,고산,2019-02-12,1.9,9.2,,57.4
185,고산,2019-02-13,4.6,7.1,0,58.5
185,고산,2019-02-14,3.5,7,,61.9
185,고산,2019-02-15,5.2,7.8,.4,77.3
185,고산,2019-02-16,2.8,6.3,,70.4
185,고산,2019-02-17,2.9,5.9,,66.4
185,고산,2019-02-18,3.6,9.7,3.4,78.5
185,고산,2019-02-19,6,13.4,15.7,92.9
185,고산,2019-02-20,4.8,8.2,,73.4
185,고산,2019-02-21,5.2,7.7,,67.4
185,고산,2019-02-22,6,11.4,.8,75.4
185,고산,2019-02-23,6.5,13.4,,67.8
185,고산,2019-02-24,7.8,15.9,,52.5
185,고산,2019-02-25,7.4,10.5,,68
185,고산,2019-02-26,6.2,11,,60.8
185,고산,2019-02-27,8.5,12.6,.9,78.1
185,고산,2019-02-28,8.3,10.9,0,70.8
185,고산,2019-03-01,6.2,10.1,,62.4
185,고산,2019-03-02,7.8,12.8,1.3,73.9
185,고산,2019-03-03,9.3,14.1,5.1,78.8
185,고산,2019-03-04,8,11.6,1.7,75.1
185,고산,2019-03-05,7.7,14.5,1.1,61.6
185,고산,2019-03-06,7.5,12,5.8,83.4
185,고산,2019-03-07,6.5,9.2,,77.6
185,고산,2019-03-08,5.2,12.4,,75
185,고산,2019-03-09,6.7,15.6,5.9,81.8
185,고산,2019-03-10,9.2,13.8,3.1,88.9
185,고산,2019-03-11,7.3,14.5,12.2,74.8
185,고산,2019-03-12,5.5,13.6,,72.4
185,고산,2019-03-13,4.7,12.8,,52.8
185,고산,2019-03-14,6.1,13.5,,54.3
185,고산,2019-03-15,6.3,14.4,.2,70.8
185,고산,2019-03-16,5.2,12,,68.5
185,고산,2019-03-17,8.4,13,,66
185,고산,2019-03-18,7.6,13.9,6.3,77.1
185,고산,2019-03-19,9.8,14.6,,79.9
185,고산,2019-03-20,10,18,3.3,87.9
185,고산,2019-03-21,6.5,16.1,,87.8
185,고산,2019-03-22,5.7,7.4,,68.4
185,고산,2019-03-23,5.5,12.7,,54.1
185,고산,2019-03-24,3.5,10.8,,59.4
185,고산,2019-03-25,6.3,11.3,,67.1
185,고산,2019-03-26,9.8,17.7,,80.8
185,고산,2019-03-27,10.6,16.9,,78.5
185,고산,2019-03-28,11.6,15.4,,85.9
185,고산,2019-03-29,10.7,17.6,,70.8
185,고산,2019-03-30,7.2,12.9,,66.4
185,고산,2019-03-31,6.4,11.8,,45.8
185,고산,2019-04-01,6.5,14.5,,54.3
185,고산,2019-04-02,8.5,13,,61.6
185,고산,2019-04-03,7.9,12.8,,45.3
185,고산,2019-04-04,4.7,15,,57.8
185,고산,2019-04-05,11.6,18.9,,81.6
185,고산,2019-04-06,10.8,15.1,,91.4
185,고산,2019-04-07,10.8,18.7,2,90.3
185,고산,2019-04-08,10.8,15.9,,78.8
185,고산,2019-04-09,12.8,19.8,5.8,76.1
185,고산,2019-04-10,8.8,15,.8,88.8
185,고산,2019-04-11,8.9,14.2,,77.9
185,고산,2019-04-12,10.3,15.4,,67
185,고산,2019-04-13,9.3,16.9,,62.3
185,고산,2019-04-14,10.5,19.1,,79
185,고산,2019-04-15,9.6,14.5,,51.8
185,고산,2019-04-16,11.4,21.7,,64.8
185,고산,2019-04-17,12.6,20,,78.8
185,고산,2019-04-18,11.1,18.7,,89.6
185,고산,2019-04-19,12.2,21.7,,83.1
185,고산,2019-04-20,12.9,21.4,,85.1
185,고산,2019-04-21,13.2,21.6,,76.8
185,고산,2019-04-22,16,21.8,,73.9
185,고산,2019-04-23,15.9,21.8,13.1,88.5
185,고산,2019-04-24,14.2,20.2,,97.1
185,고산,2019-04-25,13,17.5,,98.1
185,고산,2019-04-26,10.4,14.6,0,80.3
185,고산,2019-04-27,10.6,16.4,,75.1
185,고산,2019-04-28,9.1,18.3,0,67.4
185,고산,2019-04-29,13.6,20.6,6.2,95.9
185,고산,2019-04-30,13.2,16.8,,97.5
185,고산,2019-05-01,11.6,17.1,,87.4
185,고산,2019-05-02,11.7,18.5,,69.5
185,고산,2019-05-03,14.7,19.5,,68
185,고산,2019-05-04,12.4,20.9,,65.9
185,고산,2019-05-05,14.3,23.6,,69.1
185,고산,2019-05-06,12.7,16.1,,66.5
185,고산,2019-05-07,10.8,17,,62
185,고산,2019-05-08,12.8,19.3,,58.8
185,고산,2019-05-09,14.1,18,0,59.3
185,고산,2019-05-10,13.8,20.5,,68.9
185,고산,2019-05-11,14.5,20.3,,65
185,고산,2019-05-12,14.4,21.6,,81.8
185,고산,2019-05-13,15.5,22.4,0,82.9
185,고산,2019-05-14,17.3,22.4,.4,88.9
185,고산,2019-05-15,16.2,24.6,,78.6
185,고산,2019-05-16,18.2,26.2,0,74.9
185,고산,2019-05-17,17.3,24.4,10.8,79.9
185,고산,2019-05-18,17.1,23,44.4,97.1
185,고산,2019-05-19,16.6,24,0,93.5
185,고산,2019-05-20,14.7,17.4,0,76.8
185,고산,2019-05-21,12.6,22.2,,75.8
185,고산,2019-05-22,14.2,22.3,,77.3
185,고산,2019-05-23,16.7,21.8,,86.6
185,고산,2019-05-24,17.6,23.4,,82.1
185,고산,2019-05-25,17,24.6,,83.8
185,고산,2019-05-26,19.4,24.2,.2,84.5
185,고산,2019-05-27,15.2,20.4,64.2,97.9
185,고산,2019-05-28,15.3,18.8,,74.5
185,고산,2019-05-29,16.6,23.7,,75
185,고산,2019-05-30,16.7,25,.1,66.1
185,고산,2019-05-31,14.4,21.1,2.5,85.1
185,고산,2019-06-01,15.1,22.9,,83
185,고산,2019-06-02,17.1,22.1,,77.4
185,고산,2019-06-03,17.7,23.6,,73.9
185,고산,2019-06-04,18.5,24.8,,86.4
185,고산,2019-06-05,18.7,25,,87.4
185,고산,2019-06-06,19.5,24.9,15.4,95.3
185,고산,2019-06-07,17.3,21.4,0,98
185,고산,2019-06-08,16.7,22.1,0,94.6
185,고산,2019-06-09,17.4,23.7,,89
185,고산,2019-06-10,16.3,24.3,,86.5
185,고산,2019-06-11,16.8,22.8,0,87.5
185,고산,2019-06-12,16.5,21.8,,88.1
185,고산,2019-06-13,15.5,25,,87.8
185,고산,2019-06-14,17,21,39.2,97.6
185,고산,2019-06-15,17.9,22.2,,93.1
185,고산,2019-06-16,17.7,23.2,,89.5
185,고산,2019-06-17,17.5,22.9,,92.1
185,고산,2019-06-18,18.9,21.6,2.6,97.9
185,고산,2019-06-19,18.8,22.7,,94.5
185,고산,2019-06-20,18.4,25.2,,89
185,고산,2019-06-21,19.7,25.3,,84.1
185,고산,2019-06-22,18.9,23.8,,93.6
185,고산,2019-06-23,18.3,25,,87.9
185,고산,2019-06-24,18,25.4,,83.9
185,고산,2019-06-25,19.1,28.2,1,79.6
185,고산,2019-06-26,18.8,24.7,109.9,98.9
185,고산,2019-06-27,20.7,24.7,.9,99.5
185,고산,2019-06-28,20.3,26,,93.4
185,고산,2019-06-29,21.7,24.7,3.9,99.5
185,고산,2019-06-30,20.9,24.8,0,97.9
185,고산,2019-07-01,20.6,24.1,2.1,99
185,고산,2019-07-02,20.4,23.7,,99.1
185,고산,2019-07-03,19.8,23.8,,95.9
185,고산,2019-07-04,18.7,24.1,,96
185,고산,2019-07-05,20.9,26.5,,78.5
185,고산,2019-07-06,19,27.1,,83.9
185,고산,2019-07-07,20.7,27.1,1,84.8
185,고산,2019-07-08,20.4,26.5,8.1,87.1
185,고산,2019-07-09,19.7,25.5,1.7,87.4
185,고산,2019-07-10,20.2,22.7,6.7,97.1
185,고산,2019-07-11,20.7,26.4,,94
185,고산,2019-07-12,20.7,26,.4,93.3
185,고산,2019-07-13,18.2,22.3,37.2,97.6
185,고산,2019-07-14,20.7,24.9,,96.5
185,고산,2019-07-15,21.6,27.7,,92.8
185,고산,2019-07-16,21.1,27.4,,87.1
185,고산,2019-07-17,21.2,27.7,6.8,91.9
185,고산,2019-07-18,23.5,28.2,21.8,97.9
185,고산,2019-07-19,23.9,26.1,62.6,99.5
185,고산,2019-07-20,22.5,24.7,32.3,100
185,고산,2019-07-21,22.5,27.3,,98.3
185,고산,2019-07-22,22.7,26.5,8.3,99.4
185,고산,2019-07-23,23.8,26.9,,99.4
185,고산,2019-07-24,24.1,26.3,.7,100
185,고산,2019-07-25,24.8,27.3,1.6,99.9
185,고산,2019-07-26,24.9,28.2,,99.6
185,고산,2019-07-27,25.6,27.8,,100
185,고산,2019-07-28,25.5,29,,97.6
185,고산,2019-07-29,25.3,29.5,,96.8
185,고산,2019-07-30,26.3,29.6,,97.8
185,고산,2019-07-31,26.6,30.4,,94.5
185,고산,2019-08-01,26,30.6,,92.5
185,고산,2019-08-02,25.1,31.2,,89.8
185,고산,2019-08-03,25,31.1,,82.6
185,고산,2019-08-04,25.3,32.8,.5,82.6
185,고산,2019-08-05,25.4,30.9,,83.9
185,고산,2019-08-06,24.3,30.2,,90.8
185,고산,2019-08-07,25.5,31.6,,87.9
185,고산,2019-08-08,25.2,32.9,.9,76.6
185,고산,2019-08-09,27.4,32.7,,71.9
185,고산,2019-08-10,28,31.9,0,78
185,고산,2019-08-11,26.5,28.4,21.1,96.1
185,고산,2019-08-12,26.6,29.1,10.5,98.1
185,고산,2019-08-13,25.7,32,,88.6
185,고산,2019-08-14,25,28.4,3.8,89.6
185,고산,2019-08-15,25.5,29.5,.2,90.9
185,고산,2019-08-16,24.9,31,.4,82.9
185,고산,2019-08-17,25,29.5,,86.1
185,고산,2019-08-18,24.8,28.3,,77.3
185,고산,2019-08-19,23.7,28.1,,83.6
185,고산,2019-08-20,24.4,31.1,,89.6
185,고산,2019-08-21,24.7,30,19,95.1
185,고산,2019-08-22,25.6,31.2,3.4,93.4
185,고산,2019-08-23,24.9,29.6,.2,79.3
185,고산,2019-08-24,24.6,30.2,0,77.1
185,고산,2019-08-25,20.9,28.8,0,77.4
185,고산,2019-08-26,22.2,27.4,2.5,88.4
185,고산,2019-08-27,23.8,28,106.8,99.4
185,고산,2019-08-28,21.8,27.4,81.5,97.1
185,고산,2019-08-29,20.2,23.7,70.7,97.9
185,고산,2019-08-30,22.3,27.5,,79.4
185,고산,2019-08-31,20.6,28.9,,76.6
185,고산,2019-09-01,19.2,25.3,10.6,86.6
185,고산,2019-09-02,21.2,28,51.7,96.6
185,고산,2019-09-03,22,27.5,39.3,98.5
185,고산,2019-09-04,22.3,25.9,67.9,95.5
185,고산,2019-09-05,24.9,29.6,0,93.4
185,고산,2019-09-06,24.4,27.6,36.1,95.4
185,고산,2019-09-07,24.3,26.4,4.3,97.1
185,고산,2019-09-08,23.1,27.3,16.3,97.6
185,고산,2019-09-09,23.4,29.8,62.9,96.8
185,고산,2019-09-10,24.7,28.5,0,93
185,고산,2019-09-11,23,28.4,1.2,95.3
185,고산,2019-09-12,22.4,29.4,,89.6
185,고산,2019-09-13,20.8,28.9,,83.8
185,고산,2019-09-14,20.1,25.9,,80
185,고산,2019-09-15,22.6,25.7,,91.9
185,고산,2019-09-16,21.9,25.5,,89.9
185,고산,2019-09-17,21.8,27.7,,75.4
185,고산,2019-09-18,19.6,24.8,,77.6
185,고산,2019-09-19,18,27.4,,70.3
185,고산,2019-09-20,19.5,27.7,.7,74.6
185,고산,2019-09-21,18.3,21.7,35.5,93.9
185,고산,2019-09-22,19.3,21.7,34.1,92.1
185,고산,2019-09-23,19.8,23.2,0,75.4
185,고산,2019-09-24,18.5,23.5,,70.9
185,고산,2019-09-25,17.6,26,,75.3
185,고산,2019-09-26,19.5,28.8,,81.5
185,고산,2019-09-27,21.4,26.4,.7,91.6
185,고산,2019-09-28,22.4,27.8,,93.1
185,고산,2019-09-29,22.6,26.5,.2,96.6
185,고산,2019-09-30,22.1,26.5,38.6,93.9
185,고산,2019-10-01,19.8,24.9,34.7,95.8
185,고산,2019-10-02,20.3,27.2,88.4,98.6
185,고산,2019-10-03,21.7,25.7,.7,90
185,고산,2019-10-04,21.3,27.4,,81.9
185,고산,2019-10-05,18.4,22.1,,79.9
185,고산,2019-10-06,17.2,26,,76.6
185,고산,2019-10-07,19.7,23.6,2.2,81.3
185,고산,2019-10-08,17.4,22.6,0,67.6
185,고산,2019-10-09,14.7,20.1,,57.4
185,고산,2019-10-10,15.8,24.2,,64.5
185,고산,2019-10-11,18.7,22.4,,64.6
185,고산,2019-10-12,18.3,24.5,,69.1
185,고산,2019-10-13,16.1,24.4,,65.6
185,고산,2019-10-14,16.1,20.9,,74.4
185,고산,2019-10-15,15.4,19.4,,71.8
185,고산,2019-10-16,15.6,21.4,,64.1
185,고산,2019-10-17,15.4,21.9,,74.1
185,고산,2019-10-18,17.5,20.2,1.2,84.8
185,고산,2019-10-19,17.5,20.4,,78.1
185,고산,2019-10-20,16.2,20.9,,74.9
185,고산,2019-10-21,17.3,22.3,,66.1
185,고산,2019-10-22,17.4,21.7,,73.3
185,고산,2019-10-23,18.2,23.2,,75.4
185,고산,2019-10-24,18.1,21.5,0,74.6
185,고산,2019-10-25,17.9,22.5,,76
185,고산,2019-10-26,15,18.6,,67.8
185,고산,2019-10-27,14.4,16.8,,62.6
185,고산,2019-10-28,13,20.6,,67.6
185,고산,2019-10-29,15.4,20.9,,63.9
185,고산,2019-10-30,13.9,18.7,,63.8
185,고산,2019-10-31,12.5,20.3,,69.6
185,고산,2019-11-01,15.4,20.3,,80
185,고산,2019-11-02,15.9,22.7,,73.4
185,고산,2019-11-03,16.3,19,,76
185,고산,2019-11-04,14.9,21.1,,75.8
185,고산,2019-11-05,13.2,19.6,,73.5
185,고산,2019-11-06,13.9,18.9,,68
185,고산,2019-11-07,13.2,17.4,,68.8
185,고산,2019-11-08,12.2,14.7,,66.4
185,고산,2019-11-09,12.3,16.1,,64
185,고산,2019-11-10,12,18.8,.2,69.5
185,고산,2019-11-11,15.1,20.1,0,62.4
185,고산,2019-11-12,12.2,17.1,,66.1
185,고산,2019-11-13,12.7,18.5,.8,74.8
185,고산,2019-11-14,8.3,14.4,,58.5
185,고산,2019-11-15,8.4,16.8,,57.3
185,고산,2019-11-16,14.3,21,,70.9
185,고산,2019-11-17,18.8,22.4,.7,82.8
185,고산,2019-11-18,11.1,20.9,10,77.4
185,고산,2019-11-19,9.3,11.5,0,62.4
185,고산,2019-11-20,8.4,11.5,,63.3
185,고산,2019-11-21,7.8,18.7,,62.3
185,고산,2019-11-22,11.5,22.3,,71.4
185,고산,2019-11-23,12.7,22.4,.2,77.5
185,고산,2019-11-24,13.2,21.4,1.5,88.5
185,고산,2019-11-25,8.6,13.3,,72.4
185,고산,2019-11-26,9,15.6,0,79.4
185,고산,2019-11-27,8.8,14.1,2.6,81.4
185,고산,2019-11-28,8.4,11.6,,70.1
185,고산,2019-11-29,8.2,10.9,,61.6
185,고산,2019-11-30,7,17.4,.1,67.9
185,고산,2019-12-01,10.4,17.5,26.4,92.5
185,고산,2019-12-02,7.1,12.1,0,68.6
185,고산,2019-12-03,7.5,10.7,0,60.3
185,고산,2019-12-04,9.5,15.5,,58
185,고산,2019-12-05,5.9,11.7,0,62.9
185,고산,2019-12-06,3.2,6.1,,63.5
185,고산,2019-12-07,4.4,9.3,,62
185,고산,2019-12-08,7.9,11.1,,63.8
185,고산,2019-12-09,6.4,14.6,,64.8
185,고산,2019-12-10,13.6,17.4,,62
185,고산,2019-12-11,9.5,18.6,,69.1
185,고산,2019-12-12,5.7,9.8,,60.9
185,고산,2019-12-13,5.4,13.6,,72
185,고산,2019-12-14,7.5,12.9,,66.8
185,고산,2019-12-15,7.2,17.8,,68.8
185,고산,2019-12-16,10.7,18.8,1.4,73.9
185,고산,2019-12-17,10.4,18.5,6.6,92.9
185,고산,2019-12-18,7.2,10.6,0,73.8
185,고산,2019-12-19,7.1,8.2,,67.5
185,고산,2019-12-20,5.9,10,,61.8
185,고산,2019-12-21,5.5,10.1,,61.9
185,고산,2019-12-22,8.6,11.3,.8,71.6
185,고산,2019-12-23,7.8,12.2,0,69.4
185,고산,2019-12-24,6.8,13.7,,68.8
185,고산,2019-12-25,8,15.8,,73
185,고산,2019-12-26,6,13.3,20.8,83.6
185,고산,2019-12-27,5.2,7.4,0,62
185,고산,2019-12-28,5.5,11.6,,65.3
185,고산,2019-12-29,7.4,16.4,26.8,89.3
185,고산,2019-12-30,5.9,14.2,0,80.3
185,고산,2019-12-31,1.7,6.3,1,68.3
188,성산,2019-01-01,3.6,6.1,.2,61.3
188,성산,2019-01-02,2.4,6.7,,59.5
188,성산,2019-01-03,2.3,8,,62
188,성산,2019-01-04,1.3,10.7,.3,77
188,성산,2019-01-05,4.8,8.5,.2,64.9
188,성산,2019-01-06,3.3,7.5,,61.4
188,성산,2019-01-07,3.2,8.8,,64.9
188,성산,2019-01-08,3.3,8.8,,60.1
188,성산,2019-01-09,1.2,6.2,,57.8
188,성산,2019-01-10,4.6,8.1,0,64.6
188,성산,2019-01-11,5.2,9.2,1.1,72.3
188,성산,2019-01-12,5,10.4,.4,74.6
188,성산,2019-01-13,3.8,9.7,,66.5
188,성산,2019-01-14,2.6,10.1,,63.9
188,성산,2019-01-15,2.9,10.3,,57.8
188,성산,2019-01-16,1.3,5,,59
188,성산,2019-01-17,2.3,7.3,0,55.3
188,성산,2019-01-18,-.1,11.9,,65
188,성산,2019-01-19,2.5,12.7,.2,76
188,성산,2019-01-20,2.7,11.8,0,62.1
188,성산,2019-01-21,1.1,8.4,,57.8
188,성산,2019-01-22,3,11.6,,55.8
188,성산,2019-01-23,3.5,12.5,,53.1
188,성산,2019-01-24,3.6,10.6,,52.1
188,성산,2019-01-25,2.7,10.1,,54.4
188,성산,2019-01-26,1.3,5.7,,50.9
188,성산,2019-01-27,1.1,9.8,,61.1
188,성산,2019-01-28,1,10.5,,58.6
188,성산,2019-01-29,1.2,10.1,,62.9
188,성산,2019-01-30,6,13,.3,68.9
188,성산,2019-01-31,1.9,7.3,13.5,76.5
188,성산,2019-02-01,1.5,7.1,,56.5
188,성산,2019-02-02,-.7,13.7,,65.9
188,성산,2019-02-03,8.5,17.3,19.5,84.8
188,성산,2019-02-04,1.7,8.9,,49.6
188,성산,2019-02-05,2.2,13.7,,60.8
188,성산,2019-02-06,6.2,16.2,,74.3
188,성산,2019-02-07,1.2,11.9,0,69.9
188,성산,2019-02-08,.9,6.1,,53.3
188,성산,2019-02-09,.4,5,0,60.1
188,성산,2019-02-10,1.1,5.5,,54.8
188,성산,2019-02-11,1.2,5.2,,58.6
188,성산,2019-02-12,1,8.8,,54.6
188,성산,2019-02-13,3.6,8.6,,49.9
188,성산,2019-02-14,2.8,7.9,,60.3
188,성산,2019-02-15,2.8,8.4,.4,74.3
188,성산,2019-02-16,2.1,6.1,,62
188,성산,2019-02-17,1.9,7.1,,57.3
188,성산,2019-02-18,3.1,10.9,2.8,68.9
188,성산,2019-02-19,5.4,15.3,49.5,81.4
188,성산,2019-02-20,4.6,9.4,,67
188,성산,2019-02-21,5,9.9,,60.1
188,성산,2019-02-22,5.7,11.9,1.7,72
188,성산,2019-02-23,4.8,14.1,,58.1
188,성산,2019-02-24,6.9,14.2,,50.9
188,성산,2019-02-25,2.4,14.3,,53.9
188,성산,2019-02-26,5.4,13.7,,39.9
188,성산,2019-02-27,8.5,13.1,3.3,73.9
188,성산,2019-02-28,7.7,14.7,.2,64.5
188,성산,2019-03-01,5.9,12.9,,53.6
188,성산,2019-03-02,5.6,14.2,1,64
188,성산,2019-03-03,9.6,13.5,6.9,73.3
188,성산,2019-03-04,8.1,13.3,.2,64.1
188,성산,2019-03-05,6.7,14.9,0,59.6
188,성산,2019-03-06,7.4,12.2,9,77.8
188,성산,2019-03-07,5.9,10.6,,66.8
188,성산,2019-03-08,3.4,15.4,,63.3
188,성산,2019-03-09,4,16,16.7,75.4
188,성산,2019-03-10,7.8,13.3,37.6,87.9
188,성산,2019-03-11,6,15.5,,63.1
188,성산,2019-03-12,2.3,16.3,,56.5
188,성산,2019-03-13,-.1,11.2,,45.9
188,성산,2019-03-14,2.2,13.5,,49.8
188,성산,2019-03-15,4.2,16.4,,54.1
188,성산,2019-03-16,4.6,13.8,,56.9
188,성산,2019-03-17,6.9,15.2,,51.9
188,성산,2019-03-18,3.8,15.3,8.8,74.8
188,성산,2019-03-19,7,18.1,,63.1
188,성산,2019-03-20,5.3,19.3,53.1,80.9
188,성산,2019-03-21,6.8,17.4,.2,74
188,성산,2019-03-22,5.2,10.4,,59
188,성산,2019-03-23,4.5,12.2,,45.9
188,성산,2019-03-24,.9,12.5,,50.6
188,성산,2019-03-25,3.6,13.4,,62.6
188,성산,2019-03-26,2.7,20.5,,58.4
188,성산,2019-03-27,4.8,18.3,,62.4
188,성산,2019-03-28,12.3,19.1,,73.5
188,성산,2019-03-29,9.7,18.4,,69.4
188,성산,2019-03-30,6.9,18,,57
188,성산,2019-03-31,5.5,10.5,,37.6
188,성산,2019-04-01,4.6,13.4,,43.1
188,성산,2019-04-02,5.7,15.7,,45
188,성산,2019-04-03,5.4,15.3,,35.4
188,성산,2019-04-04,1.2,16.8,,39.4
188,성산,2019-04-05,5.8,18.5,,63.4
188,성산,2019-04-06,6.9,20.5,,67.3
188,성산,2019-04-07,10.9,20.7,.9,78.9
188,성산,2019-04-08,8.9,20.1,,73.8
188,성산,2019-04-09,9.3,17.2,56.3,75.6
188,성산,2019-04-10,8.8,14.1,7.5,83.4
188,성산,2019-04-11,8.8,14.4,,74.4
188,성산,2019-04-12,6.5,17.6,,51.5
188,성산,2019-04-13,6.6,17.5,,59
188,성산,2019-04-14,8.2,17.8,,64.8
188,성산,2019-04-15,7.6,19,,38.6
188,성산,2019-04-16,7.3,20.2,1.9,68
188,성산,2019-04-17,9.5,18.1,.1,77
188,성산,2019-04-18,7.6,20.7,,77.4
188,성산,2019-04-19,11.5,20.2,,77
188,성산,2019-04-20,12.3,18.8,,74.6
188,성산,2019-04-21,10.4,22.5,,65.9
188,성산,2019-04-22,15.7,22.1,,74.6
188,성산,2019-04-23,16,17.8,25.9,89.9
188,성산,2019-04-24,14.6,21.8,.4,90
188,성산,2019-04-25,14.2,20.8,0,88.1
188,성산,2019-04-26,10.1,16.3,,73
188,성산,2019-04-27,10.1,16.3,,65
188,성산,2019-04-28,13.3,17.5,0,63.8
188,성산,2019-04-29,14.2,18.2,39,95
188,성산,2019-04-30,11.4,17.1,.5,89.1
188,성산,2019-05-01,11.1,22.2,,63
188,성산,2019-05-02,13,24.4,,27.5
188,성산,2019-05-03,11.9,24.9,,35.5
188,성산,2019-05-04,10.5,24.7,,52.8
188,성산,2019-05-05,12.2,23.4,,57.8
188,성산,2019-05-06,11.9,21.2,,44.9
188,성산,2019-05-07,10.3,20.1,,47.5
188,성산,2019-05-08,7.9,22,,41.8
188,성산,2019-05-09,12.1,23.6,,30.6
188,성산,2019-05-10,9.7,22.8,,45.6
188,성산,2019-05-11,9.8,23.6,,55.8
188,성산,2019-05-12,12.4,24.9,,58.4
188,성산,2019-05-13,15.5,21.6,.2,86.4
188,성산,2019-05-14,17,23.2,3.1,79.6
188,성산,2019-05-15,16,24.8,,72.1
188,성산,2019-05-16,16,25.2,,79.1
188,성산,2019-05-17,16.5,24.7,28.6,85
188,성산,2019-05-18,18.4,20.6,109.4,93
188,성산,2019-05-19,17.3,20.7,8.5,94.4
188,성산,2019-05-20,13.4,19.1,,65.9
188,성산,2019-05-21,12.7,24,,34.1
188,성산,2019-05-22,9.4,27.3,,52.9
188,성산,2019-05-23,12.2,29.6,,65.5
188,성산,2019-05-24,13.3,28.5,,64.1
188,성산,2019-05-25,13.1,27.3,,69.5
188,성산,2019-05-26,16.1,22.6,.1,85.1
188,성산,2019-05-27,15.8,22.1,97.2,91.4
188,성산,2019-05-28,15.3,22,,50.9
188,성산,2019-05-29,14.9,27.9,,42.9
188,성산,2019-05-30,13.3,24.9,0,61.3
188,성산,2019-05-31,14.6,18.8,.2,77.1
188,성산,2019-06-01,13.7,23.4,,74.8
188,성산,2019-06-02,15.6,24.4,,63
188,성산,2019-06-03,14.3,24.8,,65
188,성산,2019-06-04,18.1,24.1,,83.3
188,성산,2019-06-05,17.9,26.9,,78.1
188,성산,2019-06-06,17.8,25.3,43.8,88.1
188,성산,2019-06-07,17.9,22.9,.1,82.1
188,성산,2019-06-08,17.7,19.9,.9,90.4
188,성산,2019-06-09,16.7,21.9,,80.5
188,성산,2019-06-10,16.4,22.6,,79.1
188,성산,2019-06-11,16.2,22.5,,75.6
188,성산,2019-06-12,14.1,23.3,,77.1
188,성산,2019-06-13,15.5,22.5,,81.6
188,성산,2019-06-14,17.4,21,17.8,91.9
188,성산,2019-06-15,17.9,23.9,.3,73.3
188,성산,2019-06-16,17.1,24.6,,63
188,성산,2019-06-17,17.1,24.1,,79.8
188,성산,2019-06-18,19,22.8,1.1,83
188,성산,2019-06-19,18.7,26.1,,75.3
188,성산,2019-06-20,16.9,26.1,,73.9
188,성산,2019-06-21,18.6,26.2,,75
188,성산,2019-06-22,18.1,24.4,,82.5
188,성산,2019-06-23,17.5,23.3,,78.8
188,성산,2019-06-24,16.3,24.8,,77.3
188,성산,2019-06-25,16.8,25.1,1.4,79.5
188,성산,2019-06-26,19.3,23.5,94.8,95.5
188,성산,2019-06-27,21.4,26.5,2,90.1
188,성산,2019-06-28,19.3,25.8,,82.8
188,성산,2019-06-29,21.1,25.5,8,92.8
188,성산,2019-06-30,21.2,26.6,0,86.1
188,성산,2019-07-01,20,25.3,1.5,89.9
188,성산,2019-07-02,19.1,24.9,,87
188,성산,2019-07-03,19.5,24.6,,84.9
188,성산,2019-07-04,17.5,28.9,,74.4
188,성산,2019-07-05,19,28.4,,72
188,성산,2019-07-06,20.3,25.2,,83.1
188,성산,2019-07-07,21.6,25.2,1.2,78.8
188,성산,2019-07-08,20,22.4,37.1,87.9
188,성산,2019-07-09,19.9,22.1,6.6,86.6
188,성산,2019-07-10,21.1,23.1,37.6,91.6
188,성산,2019-07-11,20.5,28.2,,78.8
188,성산,2019-07-12,19.1,26.2,.8,82.5
188,성산,2019-07-13,19.6,21.7,28.5,91.4
188,성산,2019-07-14,20.6,28.4,,77.5
188,성산,2019-07-15,19.8,26.9,,84.3
188,성산,2019-07-16,20.3,26.5,,83.4
188,성산,2019-07-17,23.1,25.9,7.1,87.8
188,성산,2019-07-18,22.2,24.6,86.7,94.6
188,성산,2019-07-19,23.2,24.8,262.7,95.6
188,성산,2019-07-20,22.5,25.4,45.4,94.6
188,성산,2019-07-21,22.7,31,.7,87.4
188,성산,2019-07-22,23,29.2,.6,90
188,성산,2019-07-23,24.3,29.9,,90.9
188,성산,2019-07-24,24.5,27.5,,93
188,성산,2019-07-25,24.7,27.9,,92.6
188,성산,2019-07-26,24.9,29.4,,91.5
188,성산,2019-07-27,25.6,30,0,91.5
188,성산,2019-07-28,24.7,29.3,,89.6
188,성산,2019-07-29,24.2,31.7,,86.3
188,성산,2019-07-30,25.6,29.3,0,90.4
188,성산,2019-07-31,26.6,30.6,,86.3
188,성산,2019-08-01,25.2,31.8,,83.9
188,성산,2019-08-02,24.2,31.9,,76.4
188,성산,2019-08-03,24.4,31.1,,84.8
188,성산,2019-08-04,24.7,31.2,,84.9
188,성산,2019-08-05,24.5,31.1,,81.4
188,성산,2019-08-06,25,32,,72.5
188,성산,2019-08-07,25.5,31.5,.4,82.5
188,성산,2019-08-08,25.5,31.9,6.8,81.5
188,성산,2019-08-09,25.9,32,,80.8
188,성산,2019-08-10,28.1,31.6,,76.4
188,성산,2019-08-11,27,28.7,3.1,86.1
188,성산,2019-08-12,26.7,30,0,87.9
188,성산,2019-08-13,25.2,31.8,,78
188,성산,2019-08-14,26.7,32.5,0,73.9
188,성산,2019-08-15,25.9,30.6,,76.9
188,성산,2019-08-16,23.4,31.5,,69.8
188,성산,2019-08-17,21.1,31.5,,75.8
188,성산,2019-08-18,22.7,30.9,25.7,81.8
188,성산,2019-08-19,22.4,30.2,,74.9
188,성산,2019-08-20,24.8,30.2,0,83.9
188,성산,2019-08-21,25.3,30.3,30.9,90.3
188,성산,2019-08-22,24,32.3,19.1,87.4
188,성산,2019-08-23,22.9,30.1,,72.8
188,성산,2019-08-24,22.2,28.3,,65.4
188,성산,2019-08-25,20.8,28.3,.2,73
188,성산,2019-08-26,21.7,26.3,9.5,91.4
188,성산,2019-08-27,23.8,28.1,135.7,94.4
188,성산,2019-08-28,21.8,28.2,90.2,92.3
188,성산,2019-08-29,20.7,22.9,55.8,93.1
188,성산,2019-08-30,19,28.3,,71
188,성산,2019-08-31,18.5,28.1,,72
188,성산,2019-09-01,20.9,25.3,25.5,84.9
188,성산,2019-09-02,22.2,27.8,23.1,92
188,성산,2019-09-03,23.7,26.6,34.4,92.5
188,성산,2019-09-04,22.2,26.7,15.5,88.8
188,성산,2019-09-05,23.3,28.8,41.9,89.9
188,성산,2019-09-06,25,28.6,43.7,88.4
188,성산,2019-09-07,22.9,28.1,2.7,86.3
188,성산,2019-09-08,22.3,25.3,30.3,94.6
188,성산,2019-09-09,24.1,28.8,3.5,90.8
188,성산,2019-09-10,24.8,29.4,,85.5
188,성산,2019-09-11,24.1,30.1,,86.6
188,성산,2019-09-12,23.1,26,,82.6
188,성산,2019-09-13,22.8,25.9,,74.3
188,성산,2019-09-14,20.7,27.7,,73.6
188,성산,2019-09-15,22.3,28.8,,77.8
188,성산,2019-09-16,23.4,27.7,0,76.5
188,성산,2019-09-17,20.6,25.9,,67.6
188,성산,2019-09-18,19.6,27.8,,66
188,성산,2019-09-19,19,26.3,,64
188,성산,2019-09-20,20.3,26.2,1.2,65
188,성산,2019-09-21,19.1,22.7,151.5,87.5
188,성산,2019-09-22,18.9,22.4,152,88.5
188,성산,2019-09-23,17.4,23.6,0,77.1
188,성산,2019-09-24,15.1,24.3,,68.5
188,성산,2019-09-25,17.2,25.5,,72.3
188,성산,2019-09-26,21.6,26.5,0,79.5
188,성산,2019-09-27,22.5,25.3,73,91.4
188,성산,2019-09-28,23,28.5,8.6,90.6
188,성산,2019-09-29,22.6,27.8,2.5,90.5
188,성산,2019-09-30,21.7,27.2,3.9,87.9
188,성산,2019-10-01,20.5,25.8,28.4,87.9
188,성산,2019-10-02,21,27.3,142.9,88.8
188,성산,2019-10-03,21.6,26.2,,77.3
188,성산,2019-10-04,19.3,28,,79.9
188,성산,2019-10-05,17.5,24,,76.3
188,성산,2019-10-06,17.2,23.8,.1,71.8
188,성산,2019-10-07,18.5,25.3,1.2,74.5
188,성산,2019-10-08,15.4,22.9,,63.5
188,성산,2019-10-09,12.3,21.2,,53.5
188,성산,2019-10-10,11.7,23.5,,60.1
188,성산,2019-10-11,14.6,24.6,,61.8
188,성산,2019-10-12,18.1,23.7,,61
188,성산,2019-10-13,18.1,21.6,,60.9
188,성산,2019-10-14,15.4,22.6,,65.8
188,성산,2019-10-15,13.8,20.5,4.3,65.1
188,성산,2019-10-16,13.5,20.7,,59.9
188,성산,2019-10-17,14.3,21.7,,68.4
188,성산,2019-10-18,18,20.9,18.8,88.6
188,성산,2019-10-19,15.3,22.6,,75.4
188,성산,2019-10-20,15,22.5,,74.6
188,성산,2019-10-21,16.6,22.1,,64
188,성산,2019-10-22,15.2,21.7,.8,73.1
188,성산,2019-10-23,19.8,22.5,0,74.3
188,성산,2019-10-24,17.6,21.8,37.4,74.5
188,성산,2019-10-25,15.7,23.4,,68.3
188,성산,2019-10-26,13.9,18.2,,63.6
188,성산,2019-10-27,9.3,17.7,,63.4
188,성산,2019-10-28,11.6,19.9,,68
188,성산,2019-10-29,10,20.8,,65.1
188,성산,2019-10-30,10.7,19.1,,65
188,성산,2019-10-31,10.3,22.2,,64.5
188,성산,2019-11-01,9.4,23.5,,70.4
188,성산,2019-11-02,14,23.1,,73.4
188,성산,2019-11-03,14.8,19.7,,74
188,성산,2019-11-04,14.7,21.1,2.8,74.5
188,성산,2019-11-05,12,19.7,.2,74
188,성산,2019-11-06,9,19.4,,67.4
188,성산,2019-11-07,10.9,18.1,,66.1
188,성산,2019-11-08,9,15.7,,62
188,성산,2019-11-09,8,18.1,,55.5
188,성산,2019-11-10,8.5,20.6,3.1,65.5
188,성산,2019-11-11,11.9,18.9,,61.8
188,성산,2019-11-12,8,18.7,,67.8
188,성산,2019-11-13,9.8,19.1,.3,70.3
188,성산,2019-11-14,4.9,14.5,,57
188,성산,2019-11-15,4.4,17.2,,52.5
188,성산,2019-11-16,9.6,21.7,,69
188,성산,2019-11-17,15.9,23.9,.9,70.3
188,성산,2019-11-18,10,21.6,7.6,69.1
188,성산,2019-11-19,8.7,11.1,,53.9
188,성산,2019-11-20,5.8,11.5,,55.6
188,성산,2019-11-21,7.4,17.2,,60.5
188,성산,2019-11-22,12.3,20.9,,66.4
188,성산,2019-11-23,13.5,20.2,,75.1
188,성산,2019-11-24,12.9,19.4,12.4,88.5
188,성산,2019-11-25,7.7,12.9,,65.6
188,성산,2019-11-26,9.1,15.6,8.3,73.3
188,성산,2019-11-27,7.7,15.4,.3,75
188,성산,2019-11-28,6.5,12.8,,66.4
188,성산,2019-11-29,5.4,12,,57
188,성산,2019-11-30,5.5,17.9,.3,62.4
188,성산,2019-12-01,10.3,16,25.7,87
188,성산,2019-12-02,6.3,11.5,.1,61.8
188,성산,2019-12-03,5.5,10.8,,59.9
188,성산,2019-12-04,2.2,13.4,,62.3
188,성산,2019-12-05,2.1,12,0,58.6
188,성산,2019-12-06,2.1,4.6,,52
188,성산,2019-12-07,1.9,9,,55.5
188,성산,2019-12-08,2.8,10.7,,60.3
188,성산,2019-12-09,6.1,15.7,,64.4
188,성산,2019-12-10,8,19,,60.4
188,성산,2019-12-11,7.9,19.2,,62.8
188,성산,2019-12-12,3.5,9.9,,55.6
188,성산,2019-12-13,3.1,15.7,,68.3
188,성산,2019-12-14,4.5,12,,67.9
188,성산,2019-12-15,6.3,16.4,0,64.6
188,성산,2019-12-16,13.2,17.3,.1,64.1
188,성산,2019-12-17,10.4,19.5,16,84
188,성산,2019-12-18,6.3,10.4,,64.6
188,성산,2019-12-19,5.5,8.9,,61
188,성산,2019-12-20,3.2,10.6,,62.3
188,성산,2019-12-21,3.7,11.9,,60.5
188,성산,2019-12-22,5.4,12.2,13.6,74.1
188,성산,2019-12-23,4.6,13.1,,67.9
188,성산,2019-12-24,5.7,12.2,,68.1
188,성산,2019-12-25,6,15,.9,80.6
188,성산,2019-12-26,5.7,13.9,13.6,78.9
188,성산,2019-12-27,3.8,7.4,.2,55.5
188,성산,2019-12-28,1,10,,67
188,성산,2019-12-29,4.2,16.3,33.1,78.1
188,성산,2019-12-30,5.8,14.5,,74.3
188,성산,2019-12-31,.4,5.9,.4,58.3
189,서귀포,2019-01-01,3.8,7,,62.1
189,서귀포,2019-01-02,3.6,8.4,,63.6
189,서귀포,2019-01-03,2.6,10.6,,71.6
189,서귀포,2019-01-04,6.6,11.8,3.2,86.9
189,서귀포,2019-01-05,7.2,13.2,.8,80
189,서귀포,2019-01-06,7.2,12.3,,69.8
189,서귀포,2019-01-07,7.6,12.8,0,70.4
189,서귀포,2019-01-08,4.1,12.1,,63.9
189,서귀포,2019-01-09,4.4,7.2,,59.3
189,서귀포,2019-01-10,6.7,11.8,0,67.3
189,서귀포,2019-01-11,8.1,11.5,.9,77.8
189,서귀포,2019-01-12,7.6,14.7,.9,73.4
189,서귀포,2019-01-13,5.9,12.2,,67.3
189,서귀포,2019-01-14,4.7,13.3,,66.6
189,서귀포,2019-01-15,5,12.6,,54.6
189,서귀포,2019-01-16,2.9,7.6,,64.8
189,서귀포,2019-01-17,2,9.1,,61.6
189,서귀포,2019-01-18,2.9,11.2,,71
189,서귀포,2019-01-19,5.9,13.7,.8,81.5
189,서귀포,2019-01-20,3.5,12.2,0,58.4
189,서귀포,2019-01-21,2.6,10.2,,61.9
189,서귀포,2019-01-22,3.5,13.1,,58.9
189,서귀포,2019-01-23,3.1,14.6,,54.6
189,서귀포,2019-01-24,4.6,13.8,,63.8
189,서귀포,2019-01-25,3.2,13.1,,58.6
189,서귀포,2019-01-26,2.2,7.8,,34.4
189,서귀포,2019-01-27,2.4,11.4,,54.5
189,서귀포,2019-01-28,5.3,11.9,,58.8
189,서귀포,2019-01-29,2.8,10,,67.5
189,서귀포,2019-01-30,7.3,12,.2,73
189,서귀포,2019-01-31,4.7,8.4,14.9,88.6
189,서귀포,2019-02-01,2.2,8.7,,60.5
189,서귀포,2019-02-02,4.6,13.4,0,69.6
189,서귀포,2019-02-03,9.5,16.4,15.1,89.9
189,서귀포,2019-02-04,6.5,12.7,,52.1
189,서귀포,2019-02-05,4.1,13.6,,59.9
189,서귀포,2019-02-06,10.4,15.8,,72.1
189,서귀포,2019-02-07,7.3,14,1.4,81.3
189,서귀포,2019-02-08,6.2,10.1,,67.8
189,서귀포,2019-02-09,3.9,8.3,.1,66.5
189,서귀포,2019-02-10,4.5,7.5,0,68.5
189,서귀포,2019-02-11,2.8,8.1,,66.4
189,서귀포,2019-02-12,3.3,10.2,,41.1
189,서귀포,2019-02-13,5.2,12,,54.8
189,서귀포,2019-02-14,5.4,10.3,,55.5
189,서귀포,2019-02-15,5.8,11,.8,76.1
189,서귀포,2019-02-16,4.2,8.6,,69.1
189,서귀포,2019-02-17,4.1,10.2,,70.6
189,서귀포,2019-02-18,6.5,9.8,3.4,81.8
189,서귀포,2019-02-19,9.1,17.6,14.4,84.6
189,서귀포,2019-02-20,6.8,12.9,0,69.5
189,서귀포,2019-02-21,8.2,12.4,,66.6
189,서귀포,2019-02-22,7.9,13.7,1.6,74
189,서귀포,2019-02-23,6,14.6,,66.4
189,서귀포,2019-02-24,8.4,14.1,,61.1
189,서귀포,2019-02-25,6.3,15.8,,58.1
189,서귀포,2019-02-26,7.6,17.8,,41.3
189,서귀포,2019-02-27,10.3,12.2,.9,78.4
189,서귀포,2019-02-28,10,15.2,0,80.8
189,서귀포,2019-03-01,7.5,14.6,,58.5
189,서귀포,2019-03-02,9.6,14,2,69.9
189,서귀포,2019-03-03,10.5,14.2,2.9,81.4
189,서귀포,2019-03-04,8.7,16.1,.8,65.6
189,서귀포,2019-03-05,7.6,15.8,0,56
189,서귀포,2019-03-06,9,15,5.6,71.9
189,서귀포,2019-03-07,7.1,14.5,,45.3
189,서귀포,2019-03-08,5,14.4,,55.4
189,서귀포,2019-03-09,7.9,15.7,18.4,82.4
189,서귀포,2019-03-10,10.6,14.3,12.8,93.8
189,서귀포,2019-03-11,7.5,14.4,.2,64.9
189,서귀포,2019-03-12,6.6,15,,64.1
189,서귀포,2019-03-13,5.1,12.3,,42.6
189,서귀포,2019-03-14,5.1,12.9,,47.6
189,서귀포,2019-03-15,6.4,14.8,0,63
189,서귀포,2019-03-16,5.6,12.8,,62.1
189,서귀포,2019-03-17,9.6,17.5,,54.4
189,서귀포,2019-03-18,8.9,14.9,8.7,76.1
189,서귀포,2019-03-19,8,18.3,0,64.4
189,서귀포,2019-03-20,10.5,17.8,13.2,85.1
189,서귀포,2019-03-21,12.2,18.4,.2,85.1
189,서귀포,2019-03-22,9,15.6,,56.9
189,서귀포,2019-03-23,6.7,13.8,0,44.1
189,서귀포,2019-03-24,4.2,12.4,,55.8
189,서귀포,2019-03-25,6,12,,59.1
189,서귀포,2019-03-26,6.7,21.9,,53.4
189,서귀포,2019-03-27,13,17.3,,69.6
189,서귀포,2019-03-28,14.1,20.2,,81.3
189,서귀포,2019-03-29,13.2,20.7,,63.6
189,서귀포,2019-03-30,7,21.1,,47.9
189,서귀포,2019-03-31,5.5,11.5,,38.9
189,서귀포,2019-04-01,5.4,14.4,,47.9
189,서귀포,2019-04-02,8.2,17.4,,46
189,서귀포,2019-04-03,7.7,15.8,,39.3
189,서귀포,2019-04-04,6.3,15.5,,47.9
189,서귀포,2019-04-05,11.2,21.4,,69.9
189,서귀포,2019-04-06,9.7,17.6,,83.4
189,서귀포,2019-04-07,12.3,19.7,.5,90.3
189,서귀포,2019-04-08,12.9,18.3,,90.9
189,서귀포,2019-04-09,13,16.6,39.4,85.9
189,서귀포,2019-04-10,10.4,16.4,.6,90.6
189,서귀포,2019-04-11,9.7,15.4,,76.3
189,서귀포,2019-04-12,9.6,17.4,,63.1
189,서귀포,2019-04-13,10.4,17.5,,57.4
189,서귀포,2019-04-14,12.3,20.2,,59
189,서귀포,2019-04-15,10.7,20.5,,52.1
189,서귀포,2019-04-16,11.5,21.3,,64.5
189,서귀포,2019-04-17,12.9,18.8,.1,81
189,서귀포,2019-04-18,12.7,19.3,,89.6
189,서귀포,2019-04-19,12.6,20.4,,89.6
189,서귀포,2019-04-20,14.5,19.1,,87.9
189,서귀포,2019-04-21,14.1,21,,76.4
189,서귀포,2019-04-22,17.3,23.8,,75.1
189,서귀포,2019-04-23,16.4,18.6,38.6,97.3
189,서귀포,2019-04-24,16.1,24.5,.2,98
189,서귀포,2019-04-25,15.8,20.2,0,98
189,서귀포,2019-04-26,10.7,17.7,0,79
189,서귀포,2019-04-27,10.1,17.6,,68.4
189,서귀포,2019-04-28,12.6,17.4,0,71.6
189,서귀포,2019-04-29,14.2,19.1,9.7,99
189,서귀포,2019-04-30,15.2,19.3,.1,97.5
189,서귀포,2019-05-01,15.3,24.2,,71.4
189,서귀포,2019-05-02,13.6,24.1,,40.8
189,서귀포,2019-05-03,17.1,24.1,,46.1
189,서귀포,2019-05-04,16.3,23.4,,46.3
189,서귀포,2019-05-05,15.5,23.6,,50.3
189,서귀포,2019-05-06,14,22.3,,56
189,서귀포,2019-05-07,12.1,20.2,,55.5
189,서귀포,2019-05-08,12.5,21,,53.9
189,서귀포,2019-05-09,14.8,21.6,,44.5
189,서귀포,2019-05-10,14.7,23.7,,45.1
189,서귀포,2019-05-11,14.7,23.7,,51.1
189,서귀포,2019-05-12,16.1,22.9,,67.4
189,서귀포,2019-05-13,17.4,22,.3,92.8
189,서귀포,2019-05-14,17.9,23.5,3.1,87.4
189,서귀포,2019-05-15,18.3,27.3,,57.8
189,서귀포,2019-05-16,19.2,25.1,,78.5
189,서귀포,2019-05-17,17.8,24,54.4,87.6
189,서귀포,2019-05-18,18.2,20.6,197.3,99
189,서귀포,2019-05-19,17,21.3,4.8,99
189,서귀포,2019-05-20,14.7,21.5,0,71.9
189,서귀포,2019-05-21,14,24.9,,34.8
189,서귀포,2019-05-22,17,23.9,,51.4
189,서귀포,2019-05-23,18.6,23.8,,68.3
189,서귀포,2019-05-24,20.4,27.2,,54.6
189,서귀포,2019-05-25,18.9,25.3,,76
189,서귀포,2019-05-26,19.8,24.2,.2,84
189,서귀포,2019-05-27,18.6,20.9,116.6,99
189,서귀포,2019-05-28,16.8,24.2,,68
189,서귀포,2019-05-29,18.3,29.7,,52.8
189,서귀포,2019-05-30,18.6,26.5,0,59.6
189,서귀포,2019-05-31,16.6,20.9,0,79.8
189,서귀포,2019-06-01,15.6,22.7,,82.3
189,서귀포,2019-06-02,18.5,23.7,,69.4
189,서귀포,2019-06-03,17.3,24.6,,66.4
189,서귀포,2019-06-04,20.9,26,0,95.5
189,서귀포,2019-06-05,20.5,26.1,,91.4
189,서귀포,2019-06-06,20.2,24.8,34.8,97.5
189,서귀포,2019-06-07,18.9,24.9,.4,93.5
189,서귀포,2019-06-08,18.3,21.4,.6,99
189,서귀포,2019-06-09,18,23.1,,90.3
189,서귀포,2019-06-10,17.7,22.8,,83.6
189,서귀포,2019-06-11,18.2,22.7,,91.3
189,서귀포,2019-06-12,16.7,22.4,,93.1
189,서귀포,2019-06-13,15.9,24,,85.8
189,서귀포,2019-06-14,17.9,22.7,23.9,94.1
189,서귀포,2019-06-15,17.7,28.8,0,69.3
189,서귀포,2019-06-16,18.3,25.4,,70.1
189,서귀포,2019-06-17,18.6,23.3,,91.9
189,서귀포,2019-06-18,19.3,22.6,1.9,96.1
189,서귀포,2019-06-19,18.7,25,.4,94
189,서귀포,2019-06-20,20,25.3,,83.6
189,서귀포,2019-06-21,21.1,24.9,,91.1
189,서귀포,2019-06-22,20.4,25.2,,96.1
189,서귀포,2019-06-23,19.6,25.1,,81.6
189,서귀포,2019-06-24,18.5,24.3,,85.6
189,서귀포,2019-06-25,21,27,0,69.1
189,서귀포,2019-06-26,19.4,24,116.8,99
189,서귀포,2019-06-27,22.2,26.6,2.3,99
189,서귀포,2019-06-28,21.1,25.4,,95.8
189,서귀포,2019-06-29,22.7,25.3,8,99
189,서귀포,2019-06-30,21.3,25.5,0,99
189,서귀포,2019-07-01,20.8,24.9,3.4,99
189,서귀포,2019-07-02,19.8,23.4,,99
189,서귀포,2019-07-03,20.7,25.1,.1,98.9
189,서귀포,2019-07-04,19,27.3,,92.1
189,서귀포,2019-07-05,21.6,29.2,,75.9
189,서귀포,2019-07-06,19.7,27.4,0,84.5
189,서귀포,2019-07-07,21.5,25,1.1,95.8
189,서귀포,2019-07-08,20.8,23.2,2.7,98.4
189,서귀포,2019-07-09,21.5,23.6,1.8,96.8
189,서귀포,2019-07-10,21.1,24.6,36,99
189,서귀포,2019-07-11,21.8,29,,89
189,서귀포,2019-07-12,20.6,26.3,.6,97.1
189,서귀포,2019-07-13,18.6,23.1,57.9,98.8
189,서귀포,2019-07-14,21.3,26.9,,96.3
189,서귀포,2019-07-15,21.4,26.6,,98.5
189,서귀포,2019-07-16,21.5,26.9,,92.6
189,서귀포,2019-07-17,22.7,25.9,8,98.8
189,서귀포,2019-07-18,23.3,25.4,128.2,99
189,서귀포,2019-07-19,23.8,26.2,152.9,99
189,서귀포,2019-07-20,22.5,24.7,47.5,99
189,서귀포,2019-07-21,22.4,29.4,.3,98.1
189,서귀포,2019-07-22,23.8,28,3,99
189,서귀포,2019-07-23,24,26.9,,99
189,서귀포,2019-07-24,24.4,25.8,0,99
189,서귀포,2019-07-25,24.4,26.1,1.3,99
189,서귀포,2019-07-26,24.7,27.1,7.3,99
189,서귀포,2019-07-27,25.4,26.4,0,99
189,서귀포,2019-07-28,25.5,29.3,,99
189,서귀포,2019-07-29,25.6,29.7,,99
189,서귀포,2019-07-30,26.5,29.4,,99
189,서귀포,2019-07-31,26.7,30.5,,99
189,서귀포,2019-08-01,26.4,30.9,,98.4
189,서귀포,2019-08-02,25.6,31.1,,92
189,서귀포,2019-08-03,27,31,,90.5
189,서귀포,2019-08-04,26.8,31.1,,93.1
189,서귀포,2019-08-05,25.6,30.8,,84.3
189,서귀포,2019-08-06,26.7,32.2,,88.1
189,서귀포,2019-08-07,25.7,31.1,,96.4
189,서귀포,2019-08-08,26.6,31.7,1.7,89.5
189,서귀포,2019-08-09,27.7,31.4,,89.8
189,서귀포,2019-08-10,27.8,30.8,,97.6
189,서귀포,2019-08-11,26.4,28,27.6,99
189,서귀포,2019-08-12,26.9,29.1,.4,99
189,서귀포,2019-08-13,25.3,31.5,,93.1
189,서귀포,2019-08-14,27,32.1,.2,95
189,서귀포,2019-08-15,25.5,31.6,,88
189,서귀포,2019-08-16,24.9,30.7,0,87.5
189,서귀포,2019-08-17,23.5,29.2,,90.6
189,서귀포,2019-08-18,25.6,29.9,0,96.4
189,서귀포,2019-08-19,24.5,30.1,,87.3
189,서귀포,2019-08-20,25,30.6,,96.1
189,서귀포,2019-08-21,24.5,30,26.8,99
189,서귀포,2019-08-22,24.9,29.6,20.7,99
189,서귀포,2019-08-23,24.3,31.6,,86.5
189,서귀포,2019-08-24,24.9,27.7,0,85.5
189,서귀포,2019-08-25,20,26.8,3.7,94.4
189,서귀포,2019-08-26,22.9,26.1,23.9,99
189,서귀포,2019-08-27,23.7,27.4,71.9,99
189,서귀포,2019-08-28,21.7,26.8,93.7,99
189,서귀포,2019-08-29,21.3,23.2,46.7,99
189,서귀포,2019-08-30,20.3,28.6,,86.3
189,서귀포,2019-08-31,20,27.3,,77.5
189,서귀포,2019-09-01,21,25,18.7,93.6
189,서귀포,2019-09-02,21.7,27.5,14.6,99
189,서귀포,2019-09-03,23.8,27.7,9.5,99
189,서귀포,2019-09-04,22.5,27,28.9,98.9
189,서귀포,2019-09-05,23.8,28.8,15.7,99
189,서귀포,2019-09-06,24.7,27.1,54.1,99
189,서귀포,2019-09-07,23.7,26.9,6.9,99
189,서귀포,2019-09-08,22.7,25.8,29.5,99
189,서귀포,2019-09-09,24.8,28.2,21.9,99
189,서귀포,2019-09-10,24.5,28.6,,98.6
189,서귀포,2019-09-11,25.4,29.4,,98.9
189,서귀포,2019-09-12,22.8,27.2,0,98.6
189,서귀포,2019-09-13,22.2,26.9,,85.5
189,서귀포,2019-09-14,22.5,28,,82
189,서귀포,2019-09-15,22.5,27.9,,90.8
189,서귀포,2019-09-16,22.8,28,,93.3
189,서귀포,2019-09-17,21.6,26.5,,75.4
189,서귀포,2019-09-18,19.9,29.5,,60.3
189,서귀포,2019-09-19,21.2,26.7,,72.9
189,서귀포,2019-09-20,20.2,26.4,.7,81.8
189,서귀포,2019-09-21,18.6,22.2,57.8,98.4
189,서귀포,2019-09-22,20.7,24.1,78.9,94.6
189,서귀포,2019-09-23,19,24.4,.6,96.6
189,서귀포,2019-09-24,16.9,25.1,,67.4
189,서귀포,2019-09-25,18.7,25.5,,72
189,서귀포,2019-09-26,20.6,27.2,.1,94.6
189,서귀포,2019-09-27,22.8,26.5,12.4,99
189,서귀포,2019-09-28,22.8,28,,99
189,서귀포,2019-09-29,22.6,27.9,38.3,98.8
189,서귀포,2019-09-30,22.2,27.1,6.3,98.4
189,서귀포,2019-10-01,20.4,25.3,35.4,99
189,서귀포,2019-10-02,21.1,26.1,102.8,99
189,서귀포,2019-10-03,21.5,27.9,.1,86
189,서귀포,2019-10-04,19.6,26.8,,91.5
189,서귀포,2019-10-05,19.8,26.1,,90.6
189,서귀포,2019-10-06,19.9,24.4,.2,89
189,서귀포,2019-10-07,19.9,23.9,9.1,92.3
189,서귀포,2019-10-08,18,24.2,,66.6
189,서귀포,2019-10-09,14.3,22.9,,46.4
189,서귀포,2019-10-10,13.8,23,,61
189,서귀포,2019-10-11,16.9,25.2,,59.8
189,서귀포,2019-10-12,18.9,25.1,,61.3
189,서귀포,2019-10-13,17.4,22.6,,70.9
189,서귀포,2019-10-14,15.6,24.1,,75.5
189,서귀포,2019-10-15,15.7,22.5,0,79.3
189,서귀포,2019-10-16,15.1,22.1,,66.6
189,서귀포,2019-10-17,14.5,23.6,0,73.1
189,서귀포,2019-10-18,17.8,22,2.6,98.4
189,서귀포,2019-10-19,16.9,24.3,,86.1
189,서귀포,2019-10-20,16.2,24.5,,68.6
189,서귀포,2019-10-21,16.1,23.5,,69.4
189,서귀포,2019-10-22,17,24.5,,78.6
189,서귀포,2019-10-23,19.2,23.2,0,88.4
189,서귀포,2019-10-24,18.1,23.7,.4,82.5
189,서귀포,2019-10-25,16.4,24.5,,76.9
189,서귀포,2019-10-26,16.5,21.3,,79.1
189,서귀포,2019-10-27,13.9,20.3,,77.6
189,서귀포,2019-10-28,14.9,20,,77.6
189,서귀포,2019-10-29,13.9,23.1,,63.9
189,서귀포,2019-10-30,13.1,20.6,,72.8
189,서귀포,2019-10-31,13.4,21.3,,74.9
189,서귀포,2019-11-01,13.9,23.4,,65.6
189,서귀포,2019-11-02,16.4,22.9,,75.1
189,서귀포,2019-11-03,16.1,21.3,0,85.9
189,서귀포,2019-11-04,14.9,21.3,.3,82.4
189,서귀포,2019-11-05,15,21,,77.9
189,서귀포,2019-11-06,13.6,21.7,,67.6
189,서귀포,2019-11-07,13.9,20.8,,61.3
189,서귀포,2019-11-08,12.3,18.9,,74.9
189,서귀포,2019-11-09,12.1,19.4,,70.3
189,서귀포,2019-11-10,12.3,19.3,2.6,73
189,서귀포,2019-11-11,13.4,19.7,,65
189,서귀포,2019-11-12,12.1,19.2,,75.1
189,서귀포,2019-11-13,12.7,19,0,76.6
189,서귀포,2019-11-14,8.4,15.2,,54.4
189,서귀포,2019-11-15,7.4,16.6,,57.5
189,서귀포,2019-11-16,12.6,21.2,,80.3
189,서귀포,2019-11-17,17.5,23.4,.5,88.5
189,서귀포,2019-11-18,10.8,21.3,9.9,72.3
189,서귀포,2019-11-19,8.4,13.4,,61.1
189,서귀포,2019-11-20,7.4,14.7,,58.6
189,서귀포,2019-11-21,7,17.5,,67.1
189,서귀포,2019-11-22,14.8,21,,83.5
189,서귀포,2019-11-23,15.7,21,,89.5
189,서귀포,2019-11-24,17.7,22.9,9.3,99
189,서귀포,2019-11-25,11.3,17.8,0,87.4
189,서귀포,2019-11-26,11.3,16.1,,85.1
189,서귀포,2019-11-27,11.3,14.8,8.6,94.1
189,서귀포,2019-11-28,9.3,16.9,,80.1
189,서귀포,2019-11-29,8.5,16,,71
189,서귀포,2019-11-30,8.1,17.6,.1,64.6
189,서귀포,2019-12-01,13.6,17.3,16.8,97.8
189,서귀포,2019-12-02,6.7,14.9,,64.6
189,서귀포,2019-12-03,5.5,11.9,,61.4
189,서귀포,2019-12-04,7.9,14.7,,56.8
189,서귀포,2019-12-05,6.2,13.2,,59
189,서귀포,2019-12-06,5.1,10.4,,61
189,서귀포,2019-12-07,4.2,11.7,,66.6
189,서귀포,2019-12-08,5.1,13.1,,70.4
189,서귀포,2019-12-09,6.2,14.6,,70.4
189,서귀포,2019-12-10,10.4,18.1,,72.5
189,서귀포,2019-12-11,9,18.4,,69.3
189,서귀포,2019-12-12,6.7,12.4,,64.9
189,서귀포,2019-12-13,6.9,14.9,,76.4
189,서귀포,2019-12-14,8.9,17.2,,60
189,서귀포,2019-12-15,9.1,16.8,.2,72.5
189,서귀포,2019-12-16,12.8,17.6,1.7,79.5
189,서귀포,2019-12-17,13.2,19.8,9.8,97.5
189,서귀포,2019-12-18,10.4,14.8,,80.9
189,서귀포,2019-12-19,8.5,13.1,0,72.4
189,서귀포,2019-12-20,6.1,11.9,,69.9
189,서귀포,2019-12-21,6.6,11.5,,64.9
189,서귀포,2019-12-22,7.3,11.4,3.1,85.6
189,서귀포,2019-12-23,6.3,15.3,,70.6
189,서귀포,2019-12-24,8,14.4,,80.8
189,서귀포,2019-12-25,7.9,15.6,0,81.6
189,서귀포,2019-12-26,6.2,13.8,19,87.1
189,서귀포,2019-12-27,4.5,9.6,,60.6
189,서귀포,2019-12-28,4.3,11.3,,68.6
189,서귀포,2019-12-29,8,17.3,34.3,89.4
189,서귀포,2019-12-30,10.2,15.5,0,90.8
189,서귀포,2019-12-31,3.4,10.7,,67.9
